,Número,Nombre Constructor,Número CUIT,Tipo,Estado,Fecha perfeccionamiento,Monto,Moneda,tramite,tramite_estado,tramite_nombre_proc,tramite_exp_num,tramite_uoc
0,452-1034-CON17,M. ROYO S.A.C.I.I.F. Y F.,30530589265,Original,Perfeccionado,15/8/2017,11.017.15508,Dolar Estadounidense,452-0001-LPU17,Adjudicado,Adquisición cañerías para proyecto AMPLIACIÓN SISTEMA DE TRANSPORTE Y DISTRIBUCIÓN DE GAS NATURAL,EX-2017-01312793-   -APN-DCC#MEM,452/000 - Dirección General de Administración y Finanzas - MEM
1,452-1037-CON17,M. ROYO S.A.C.I.I.F. Y F.,30530589265,Original,Perfeccionado,15/8/2017,7.267.31225,Peso Argentino,452-0001-LPU17,Adjudicado,Adquisición cañerías para proyecto AMPLIACIÓN SISTEMA DE TRANSPORTE Y DISTRIBUCIÓN DE GAS NATURAL,EX-2017-01312793-   -APN-DCC#MEM,452/000 - Dirección General de Administración y Finanzas - MEM
2,452-1036-CON17,SIAT S.A.,30607451369,Original,Perfeccionado,15/8/2017,16.439.55040,Dolar Estadounidense,452-0001-LPU17,Adjudicado,Adquisición cañerías para proyecto AMPLIACIÓN SISTEMA DE TRANSPORTE Y DISTRIBUCIÓN DE GAS NATURAL,EX-2017-01312793-   -APN-DCC#MEM,452/000 - Dirección General de Administración y Finanzas - MEM
3,452-1039-CON17,SIAT S.A.,30607451369,Original,Perfeccionado,15/8/2017,8.725.84105,Peso Argentino,452-0001-LPU17,Adjudicado,Adquisición cañerías para proyecto AMPLIACIÓN SISTEMA DE TRANSPORTE Y DISTRIBUCIÓN DE GAS NATURAL,EX-2017-01312793-   -APN-DCC#MEM,452/000 - Dirección General de Administración y Finanzas - MEM
4,452-1035-CON17,"SIDERCA S.A,I,C,",30550815997,Original,Perfeccionado,15/8/2017,6.505.52212,Dolar Estadounidense,452-0001-LPU17,Adjudicado,Adquisición cañerías para proyecto AMPLIACIÓN SISTEMA DE TRANSPORTE Y DISTRIBUCIÓN DE GAS NATURAL,EX-2017-01312793-   -APN-DCC#MEM,452/000 - Dirección General de Administración y Finanzas - MEM
5,452-1038-CON17,"SIDERCA S.A,I,C,",30550815997,Original,Perfeccionado,15/8/2017,4.108.98698,Peso Argentino,452-0001-LPU17,Adjudicado,Adquisición cañerías para proyecto AMPLIACIÓN SISTEMA DE TRANSPORTE Y DISTRIBUCIÓN DE GAS NATURAL,EX-2017-01312793-   -APN-DCC#MEM,452/000 - Dirección General de Administración y Finanzas - MEM
0,452-1033-CON17,Industrias Juan F. Secco S.A,30501598131,Original,Perfeccionado,15/8/2017,8.161.30711,Dolar Estadounidense,452-0003-LPU17,Adjudicado,Adquisición de motocompresores,EX-2017-01523004-   -APN-DCC#MEM,452/000 - Dirección General de Administración y Finanzas - MEM
0,452-1054-CON17,CONSTRUCCIONES ELECTROMECANICAS DEL OESTE S.A.,30611995128,Original,Perfeccionado,02/11/2017,373.373.82385,Peso Argentino,452-0004-LPU17,Adjudicado,Contratación y ejecución del montaje de cañerías,EX-2017-07087792-   -APN-DCC#MEM,452/000 - Dirección General de Administración y Finanzas - MEM
1,452-1052-CON17,Contreras Hermanos S.A.I.C.I.F.A.G. y M.,30504536706,Original,Perfeccionado,02/11/2017,613.129.68790,Peso Argentino,452-0004-LPU17,Adjudicado,Contratación y ejecución del montaje de cañerías,EX-2017-07087792-   -APN-DCC#MEM,452/000 - Dirección General de Administración y Finanzas - MEM
2,452-1051-CON17,TRANSPORTADORA DE GAS DEL SUR S.A.-SACDE SOCIEDAD ARGENTINA DE CONSTRUCCION Y DESARROLLO ESTRATEGICO S.A.-UNION TRANSITORIA,33715778179,Original,Perfeccionado,01/12/2017,946.936.95292,Peso Argentino,452-0004-LPU17,Adjudicado,Contratación y ejecución del montaje de cañerías,EX-2017-07087792-   -APN-DCC#MEM,452/000 - Dirección General de Administración y Finanzas - MEM
3,452-1053-CON17,Victor M. Contreras y Cia S.A,33506249029,Original,Perfeccionado,03/11/2017,246.741.30300,Peso Argentino,452-0004-LPU17,Adjudicado,Contratación y ejecución del montaje de cañerías,EX-2017-07087792-   -APN-DCC#MEM,452/000 - Dirección General de Administración y Finanzas - MEM
0,,,,,,,,,452-0005-LPU17,Dejado Sin Efecto,Contratación y ejecución del Montaje de Plantas Compresoras.,EX-2017-08835899-   -APN-DCC#MEM,452/000 - Dirección General de Administración y Finanzas - MEM
0,,,,,,,,,82-0001-LPU17,Fracasado,Construcción de Jardines de Infantes Zona Patagonia Sur,EX-2017-05404052-   -APN-DC#ME,82/000 - Dirección General de Administración y Gestión Financiera - ME
0,82-1031-CON18,HIDROCONST S.A.,30547275531,Original,Anulado,,157.781.00015,Peso Argentino,82-0002-LPU17,Adjudicado,Construcción de Jardines Zona Centro Sur,EX-2017-06249446-   -APN-DC#ME,82/000 - Dirección General de Administración y Gestión Financiera - ME
1,82-1062-CON18,HIDROCONST S.A.,30547275531,Original,Perfeccionado,20/7/2018,157.781.00015,Peso Argentino,82-0002-LPU17,Adjudicado,Construcción de Jardines Zona Centro Sur,EX-2017-06249446-   -APN-DC#ME,82/000 - Dirección General de Administración y Gestión Financiera - ME
0,82-1061-CON18,HIDROCONST S.A.,30547275531,Original,Guardado,,201.984.12264,Peso Argentino,82-0004-LPU17,Con Documento Contractual,CONSTRUCCION DE JARDINES DE INFANTES ZONA CENTRO NORTE,EX-2017-06263930-   -APN-DC#ME,82/000 - Dirección General de Administración y Gestión Financiera - ME
0,,,,,,,,,81-0013-LPU17,Desierto,HOSPITAL DR. ALEJANDRO POSADAS - HAEDO - PARTIDO DE MORÓN - PROVINCIA DE BUENOS AIRES,EX-2017-04986466-   -APN-DPYS#MI,81/000 - Dirección General del Servicio Administrativo Financiero - Ministerio del Interior
0,81-1107-CON18,JCR S.A.,30688020715,Original,Perfeccionado,04/6/2018,276.350.00000,Peso Argentino,81-0035-LPU17,Adjudicado,Obra CANALES “MONES CAZÓN” y “DERIVACIÓN REPUBLICA DE ITALIA – MONES CAZÓN Provincia de BUENOS AIRES,EX-2017-16147341-   -APN-DPYS#MI,81/000 - Dirección General del Servicio Administrativo Financiero - Ministerio del Interior
1,81-1105-CON18,PENTAMAR S.A.,30519113534,Original,Perfeccionado,05/6/2018,136.000.00000,Peso Argentino,81-0035-LPU17,Adjudicado,Obra CANALES “MONES CAZÓN” y “DERIVACIÓN REPUBLICA DE ITALIA – MONES CAZÓN Provincia de BUENOS AIRES,EX-2017-16147341-   -APN-DPYS#MI,81/000 - Dirección General del Servicio Administrativo Financiero - Ministerio del Interior
2,81-1108-CON18,SABAVISA SA,30640854274,Original,Perfeccionado,06/6/2018,286.326.31390,Peso Argentino,81-0035-LPU17,Adjudicado,Obra CANALES “MONES CAZÓN” y “DERIVACIÓN REPUBLICA DE ITALIA – MONES CAZÓN Provincia de BUENOS AIRES,EX-2017-16147341-   -APN-DPYS#MI,81/000 - Dirección General del Servicio Administrativo Financiero - Ministerio del Interior
3,81-1106-CON18,Vialmani S.A.,30574066537,Original,Perfeccionado,05/6/2018,353.811.63299,Peso Argentino,81-0035-LPU17,Adjudicado,Obra CANALES “MONES CAZÓN” y “DERIVACIÓN REPUBLICA DE ITALIA – MONES CAZÓN Provincia de BUENOS AIRES,EX-2017-16147341-   -APN-DPYS#MI,81/000 - Dirección General del Servicio Administrativo Financiero - Ministerio del Interior
4,81-1109-CON18,VIAL-TEC S.A.-KAVOS S.A.-CANALES MONES CAZON- UNION TRANSITORIA,30716044889,Original,Perfeccionado,04/6/2018,157.450.78394,Peso Argentino,81-0035-LPU17,Adjudicado,Obra CANALES “MONES CAZÓN” y “DERIVACIÓN REPUBLICA DE ITALIA – MONES CAZÓN Provincia de BUENOS AIRES,EX-2017-16147341-   -APN-DPYS#MI,81/000 - Dirección General del Servicio Administrativo Financiero - Ministerio del Interior
0,81-1289-CON18,BENITO ROGGIO E HIJOS S.A. - ELEPRINT S.A. - ECODYMA S.A. - Unión Transitoria,30716288214,Original,Perfeccionado,06/5/2019,3.493.444.64954,Peso Argentino,81-0037-LPU17,Adjudicado,SALADO IV - TRAMOS 3 Y 4,EX-2017-20367712-   -APN-DGSAF#MI,81/000 - Dirección General del Servicio Administrativo Financiero - Ministerio del Interior
1,81-1290-CON18,JOSÉ J. CHEDIACK S.A.I.C.A.- Helport S.A.- Sabavisa S.A.- UT,30716465477,Original,Perfeccionado,06/5/2019,2.668.000.00000,Peso Argentino,81-0037-LPU17,Adjudicado,SALADO IV - TRAMOS 3 Y 4,EX-2017-20367712-   -APN-DGSAF#MI,81/000 - Dirección General del Servicio Administrativo Financiero - Ministerio del Interior
0,452-1000-CON18,Bureau Veritas Argentina S.A.,33658043779,Original,Perfeccionado,27/3/2018,94.190.76300,Peso Argentino,452-0007-LPU17,Adjudicado,Inspección de Obra y Control de Calidad de Suministros.,EX-2017-17470333-   -APN-DCC#MEM,452/000 - Dirección General de Administración y Finanzas - MEM
0,,,,,,,,,81-0017-LPU17,Fracasado,"RESTAURACIÓN Y PUESTA EN VALOR ""EDIFICIO DE CORREOS DE SANTA FE""",EX-2017-05252106-   -APN-DPYS#MI,81/000 - Dirección General del Servicio Administrativo Financiero - Ministerio del Interior
0,501-0404-CON20,Constructora Lanusse SA – Emaco SA (UT),30715915452,Original,Perfeccionado,25/4/2018,160.909.97851,Peso Argentino,81-0040-LPU17,Adjudicado,PALACIO NACIONAL DE LAS ARTES - PALAIS DE GLACE,EX-2017-22557930-   -APN-DNA#MI,81/000 - Dirección General del Servicio Administrativo Financiero - Ministerio del Interior
1,81-0001-CON18,Constructora Lanusse SA – Emaco SA (UT),30715915452,Original,Anulado,,160.909.97851,Peso Argentino,81-0040-LPU17,Adjudicado,PALACIO NACIONAL DE LAS ARTES - PALAIS DE GLACE,EX-2017-22557930-   -APN-DNA#MI,81/000 - Dirección General del Servicio Administrativo Financiero - Ministerio del Interior
2,81-1095-CON18,Constructora Lanusse SA – Emaco SA (UT),30715915452,Original,Cumplido,25/4/2018,160.909.97851,Peso Argentino,81-0040-LPU17,Adjudicado,PALACIO NACIONAL DE LAS ARTES - PALAIS DE GLACE,EX-2017-22557930-   -APN-DNA#MI,81/000 - Dirección General del Servicio Administrativo Financiero - Ministerio del Interior
0,,,,,,,,,81-0011-LPU17,Pendiente Afectación_error,,,
0,23-0003-CON17,CONORVIAL SA,30516492747,Original,Perfeccionado,29/12/2017,255.207.27282,Peso Argentino,23-0026-LPU17,Adjudicado,Remodelacion 2ds. Etapa Casa de Gobiero,EX-2017-25096860-   -APN-DDMYA#SGP,23/000 - Dirección General de Administración - SG
0,23-1016-CON18,DEMOLICIONES MITRE SRL,30657536551,Original,Perfeccionado,07/5/2018,847.49411,Peso Argentino,23-0015-LPU17,Adjudicado,Demolición dependencias Residencia Presidencial de Olivos.,EX-2017-14949256-   -APN-DDMYA#SGP,23/000 - Dirección General de Administración - SG
0,82-1073-CON18,CONSTRUCTORA VENETTO S.A.,30709662674,Original,Autorizado,,128.508.05950,Peso Argentino,82-0018-LPU17,Pendiente Autorizar Ordenes Compra,Construcción de Jardines de Infantes Zona Patagonia Norte,EX-2017-19231450-   -APN-DC#ME,82/000 - Dirección General de Administración y Gestión Financiera - ME
0,,,,,,,,,82-0019-LPU17,Dejado Sin Efecto,Construcción de Jardines de Infantes Zona Cuyo y Córdoba,EX-2017-19233312-   -APN-DC#ME,82/000 - Dirección General de Administración y Gestión Financiera - ME
0,,,,,,,,,82-0020-LPU17,Dejado Sin Efecto,Construcción de Jardines de Infantes Zona Centro Sur,EX-2017-19234086-   -APN-DC#ME,82/000 - Dirección General de Administración y Gestión Financiera - ME
0,,,,,,,,,82-0021-LPU17,Dejado Sin Efecto,Construcción de Jardines de Infantes Zona Centro Norte,EX-2017-19234676-   -APN-DC#ME,82/000 - Dirección General de Administración y Gestión Financiera - ME
0,82-1063-CON18,BOETTO Y BUTTIGLIENGO S.A. - ASTORI CONSTRUCCIONES S.A. - UT,30715519824,Original,Perfeccionado,22/10/2018,15.988.84556,Peso Argentino,82-0029-LPU17,Adjudicado,CONSTRUCCION DE JARDINES DE INFANTES - ZONA CUYO Y CORDOBA,EX-2017-23744442-   -APN-DC#ME,82/000 - Dirección General de Administración y Gestión Financiera - ME
1,82-1064-CON18,BOETTO Y BUTTIGLIENGO S.A. - ASTORI CONSTRUCCIONES S.A. - UT,30715519824,Original,Perfeccionado,22/10/2018,16.358.41501,Peso Argentino,82-0029-LPU17,Adjudicado,CONSTRUCCION DE JARDINES DE INFANTES - ZONA CUYO Y CORDOBA,EX-2017-23744442-   -APN-DC#ME,82/000 - Dirección General de Administración y Gestión Financiera - ME
2,82-1065-CON18,BOETTO Y BUTTIGLIENGO S.A. - ASTORI CONSTRUCCIONES S.A. - UT,30715519824,Original,Perfeccionado,22/10/2018,21.076.29586,Peso Argentino,82-0029-LPU17,Adjudicado,CONSTRUCCION DE JARDINES DE INFANTES - ZONA CUYO Y CORDOBA,EX-2017-23744442-   -APN-DC#ME,82/000 - Dirección General de Administración y Gestión Financiera - ME
3,82-1066-CON18,BOETTO Y BUTTIGLIENGO S.A. - ASTORI CONSTRUCCIONES S.A. - UT,30715519824,Original,Perfeccionado,22/10/2018,16.772.41908,Peso Argentino,82-0029-LPU17,Adjudicado,CONSTRUCCION DE JARDINES DE INFANTES - ZONA CUYO Y CORDOBA,EX-2017-23744442-   -APN-DC#ME,82/000 - Dirección General de Administración y Gestión Financiera - ME
4,82-1067-CON18,BOETTO Y BUTTIGLIENGO S.A. - ASTORI CONSTRUCCIONES S.A. - UT,30715519824,Original,Perfeccionado,22/10/2018,16.148.07828,Peso Argentino,82-0029-LPU17,Adjudicado,CONSTRUCCION DE JARDINES DE INFANTES - ZONA CUYO Y CORDOBA,EX-2017-23744442-   -APN-DC#ME,82/000 - Dirección General de Administración y Gestión Financiera - ME
5,82-1068-CON18,COBA SRL - MATEO CONSTRUCTORA SRL UNION TRANSITORIA,30716047624,Original,Perfeccionado,17/10/2018,14.826.24624,Peso Argentino,82-0029-LPU17,Adjudicado,CONSTRUCCION DE JARDINES DE INFANTES - ZONA CUYO Y CORDOBA,EX-2017-23744442-   -APN-DC#ME,82/000 - Dirección General de Administración y Gestión Financiera - ME
6,82-1069-CON18,COBA SRL - MATEO CONSTRUCTORA SRL UNION TRANSITORIA,30716047624,Original,Perfeccionado,17/10/2018,23.857.68916,Peso Argentino,82-0029-LPU17,Adjudicado,CONSTRUCCION DE JARDINES DE INFANTES - ZONA CUYO Y CORDOBA,EX-2017-23744442-   -APN-DC#ME,82/000 - Dirección General de Administración y Gestión Financiera - ME
7,82-1070-CON18,COBA SRL - MATEO CONSTRUCTORA SRL UNION TRANSITORIA,30716047624,Original,Perfeccionado,17/10/2018,23.454.48404,Peso Argentino,82-0029-LPU17,Adjudicado,CONSTRUCCION DE JARDINES DE INFANTES - ZONA CUYO Y CORDOBA,EX-2017-23744442-   -APN-DC#ME,82/000 - Dirección General de Administración y Gestión Financiera - ME
8,82-1071-CON18,COBA SRL - MATEO CONSTRUCTORA SRL UNION TRANSITORIA,30716047624,Original,Perfeccionado,17/10/2018,24.610.21762,Peso Argentino,82-0029-LPU17,Adjudicado,CONSTRUCCION DE JARDINES DE INFANTES - ZONA CUYO Y CORDOBA,EX-2017-23744442-   -APN-DC#ME,82/000 - Dirección General de Administración y Gestión Financiera - ME
9,82-1072-CON18,COBA SRL - MATEO CONSTRUCTORA SRL UNION TRANSITORIA,30716047624,Original,Perfeccionado,17/10/2018,24.763.54732,Peso Argentino,82-0029-LPU17,Adjudicado,CONSTRUCCION DE JARDINES DE INFANTES - ZONA CUYO Y CORDOBA,EX-2017-23744442-   -APN-DC#ME,82/000 - Dirección General de Administración y Gestión Financiera - ME
0,82-1074-CON18,CODI S.R.L.,30660523932,Original,Perfeccionado,23/10/2018,16.924.17294,Peso Argentino,82-0030-LPU17,Adjudicado,Construcción de Jardines de Infantes. Zona CENTRO NORTE,EX-2017-24019677-   -APN-DC#ME,82/000 - Dirección General de Administración y Gestión Financiera - ME
1,82-1076-CON18,CODI S.R.L.,30660523932,Original,Perfeccionado,23/10/2018,16.302.00379,Peso Argentino,82-0030-LPU17,Adjudicado,Construcción de Jardines de Infantes. Zona CENTRO NORTE,EX-2017-24019677-   -APN-DC#ME,82/000 - Dirección General de Administración y Gestión Financiera - ME
2,82-1088-CON18,CODI S.R.L.,30660523932,Original,Perfeccionado,23/10/2018,27.070.73987,Peso Argentino,82-0030-LPU17,Adjudicado,Construcción de Jardines de Infantes. Zona CENTRO NORTE,EX-2017-24019677-   -APN-DC#ME,82/000 - Dirección General de Administración y Gestión Financiera - ME
3,82-1077-CON18,CONSTRUCTORA VENETTO S.A.,30709662674,Original,Perfeccionado,19/10/2018,15.929.46448,Peso Argentino,82-0030-LPU17,Adjudicado,Construcción de Jardines de Infantes. Zona CENTRO NORTE,EX-2017-24019677-   -APN-DC#ME,82/000 - Dirección General de Administración y Gestión Financiera - ME
4,82-1078-CON18,CONSTRUCTORA VENETTO S.A.,30709662674,Original,Perfeccionado,19/10/2018,15.925.73518,Peso Argentino,82-0030-LPU17,Adjudicado,Construcción de Jardines de Infantes. Zona CENTRO NORTE,EX-2017-24019677-   -APN-DC#ME,82/000 - Dirección General de Administración y Gestión Financiera - ME
5,82-1079-CON18,CONSTRUCTORA VENETTO S.A.,30709662674,Original,Perfeccionado,19/10/2018,15.921.31857,Peso Argentino,82-0030-LPU17,Adjudicado,Construcción de Jardines de Infantes. Zona CENTRO NORTE,EX-2017-24019677-   -APN-DC#ME,82/000 - Dirección General de Administración y Gestión Financiera - ME
0,451-1000-CON18,COARCO SA,30516500634,Original,Perfeccionado,16/3/2018,108.866.02181,Peso Argentino,451-0022-LPU17,Adjudicado,"“Rehabilitación y Mantenimiento Vial, de Aceras y de la Red Pluvial en la Ciudad de Mar del Plata”",EX-2017-30778800-   -APN-DCTYAOPT#MTR,451/000 - Dirección de Contratación de Bienes y Servicios - MTR
0,,,,,,,,,451-0021-LPU17,Publicado_error,,,
0,452-1001-CON18,PEITEL S.A.,30516847472,Original,Perfeccionado,06/6/2018,186.379.15000,Peso Argentino,452-0008-LPU17,Adjudicado,Contratación y Ejecución de Montaje de Plantas Compresoras,EX-2017-26970243-   -APN-DCC#MEM,452/000 - Dirección General de Administración y Finanzas - MEM
1,452-1002-CON18,PEITEL S.A.,30516847472,Original,Perfeccionado,06/6/2018,41.803.21600,Peso Argentino,452-0008-LPU17,Adjudicado,Contratación y Ejecución de Montaje de Plantas Compresoras,EX-2017-26970243-   -APN-DCC#MEM,452/000 - Dirección General de Administración y Finanzas - MEM
2,452-1003-CON18,PEITEL S.A.,30516847472,Original,Perfeccionado,06/6/2018,161.865.53800,Peso Argentino,452-0008-LPU17,Adjudicado,Contratación y Ejecución de Montaje de Plantas Compresoras,EX-2017-26970243-   -APN-DCC#MEM,452/000 - Dirección General de Administración y Finanzas - MEM
0,81/9-1096-CON18,EVARSA- EVALUACION DE RECURSOS SA,30661756299,Original,Perfeccionado,24/4/2018,692.022.16200,Peso Argentino,81/9-0047-LPU17,Adjudicado,Red Hidrológica Nacional- Período 2018-2023,EX-2017-33671825-   -APN-DNCYPRH#MI,81/9 - Recursos Hídricos
0,,,,,,,,,82-0035-LPU17,Dejado Sin Efecto,CONSTRUCCION DE JARDINES DE INFANTES - ZONA PATAGONIA NORTE,EX-2017-28062229-   -APN-DC#ME,82/000 - Dirección General de Administración y Gestión Financiera - ME
0,451-1006-CON18,BRIALES S.A.,30610809991,Original,Cumplido,24/4/2018,143.063.75639,Peso Argentino,451-0002-LPU18,Adjudicado,"Rehabilitación y Mantenimiento Vial, de Aceras y de la Red Pluvial en la Región Metropolitana Bs As",EX-2018-01915722-   -APN-DCTYAOPT#MTR,451/000 - Dirección de Contratación de Bienes y Servicios - MTR
1,501-0470-CON20,BRIALES S.A.,30610809991,Original,Perfeccionado,24/4/2018,143.063.75639,Peso Argentino,451-0002-LPU18,Adjudicado,"Rehabilitación y Mantenimiento Vial, de Aceras y de la Red Pluvial en la Región Metropolitana Bs As",EX-2018-01915722-   -APN-DCTYAOPT#MTR,451/000 - Dirección de Contratación de Bienes y Servicios - MTR
2,451-1003-CON18,COARCO SA,30516500634,Original,Cumplido,20/4/2018,618.570.06966,Peso Argentino,451-0002-LPU18,Adjudicado,"Rehabilitación y Mantenimiento Vial, de Aceras y de la Red Pluvial en la Región Metropolitana Bs As",EX-2018-01915722-   -APN-DCTYAOPT#MTR,451/000 - Dirección de Contratación de Bienes y Servicios - MTR
3,501-0469-CON20,COARCO SA,30516500634,Original,Perfeccionado,20/4/2018,618.570.06966,Peso Argentino,451-0002-LPU18,Adjudicado,"Rehabilitación y Mantenimiento Vial, de Aceras y de la Red Pluvial en la Región Metropolitana Bs As",EX-2018-01915722-   -APN-DCTYAOPT#MTR,451/000 - Dirección de Contratación de Bienes y Servicios - MTR
4,451-1002-CON18,CONCRET NOR S.A.,30693276760,Original,Cumplido,20/4/2018,591.484.07021,Peso Argentino,451-0002-LPU18,Adjudicado,"Rehabilitación y Mantenimiento Vial, de Aceras y de la Red Pluvial en la Región Metropolitana Bs As",EX-2018-01915722-   -APN-DCTYAOPT#MTR,451/000 - Dirección de Contratación de Bienes y Servicios - MTR
5,501-0468-CON20,CONCRET NOR S.A.,30693276760,Original,Perfeccionado,20/4/2018,591.484.07021,Peso Argentino,451-0002-LPU18,Adjudicado,"Rehabilitación y Mantenimiento Vial, de Aceras y de la Red Pluvial en la Región Metropolitana Bs As",EX-2018-01915722-   -APN-DCTYAOPT#MTR,451/000 - Dirección de Contratación de Bienes y Servicios - MTR
6,451-1007-CON18,CONSTRUCCIONES INGEVIAL S.A.,30650833380,Original,Cumplido,20/4/2018,35.635.34300,Peso Argentino,451-0002-LPU18,Adjudicado,"Rehabilitación y Mantenimiento Vial, de Aceras y de la Red Pluvial en la Región Metropolitana Bs As",EX-2018-01915722-   -APN-DCTYAOPT#MTR,451/000 - Dirección de Contratación de Bienes y Servicios - MTR
7,501-0471-CON20,CONSTRUCCIONES INGEVIAL S.A.,30650833380,Original,Perfeccionado,20/4/2018,35.635.34300,Peso Argentino,451-0002-LPU18,Adjudicado,"Rehabilitación y Mantenimiento Vial, de Aceras y de la Red Pluvial en la Región Metropolitana Bs As",EX-2018-01915722-   -APN-DCTYAOPT#MTR,451/000 - Dirección de Contratación de Bienes y Servicios - MTR
8,451-1001-CON18,CONSTRUMEX S.A.,30696394217,Original,Perfeccionado,20/4/2018,583.548.83891,Peso Argentino,451-0002-LPU18,Adjudicado,"Rehabilitación y Mantenimiento Vial, de Aceras y de la Red Pluvial en la Región Metropolitana Bs As",EX-2018-01915722-   -APN-DCTYAOPT#MTR,451/000 - Dirección de Contratación de Bienes y Servicios - MTR
9,451-1005-CON18,MARCALBA S.A.,30608674833,Original,Perfeccionado,20/4/2018,634.578.18748,Peso Argentino,451-0002-LPU18,Adjudicado,"Rehabilitación y Mantenimiento Vial, de Aceras y de la Red Pluvial en la Región Metropolitana Bs As",EX-2018-01915722-   -APN-DCTYAOPT#MTR,451/000 - Dirección de Contratación de Bienes y Servicios - MTR
10,451-1004-CON18,POSE SA,30709107123,Original,Perfeccionado,20/4/2018,610.910.69868,Peso Argentino,451-0002-LPU18,Adjudicado,"Rehabilitación y Mantenimiento Vial, de Aceras y de la Red Pluvial en la Región Metropolitana Bs As",EX-2018-01915722-   -APN-DCTYAOPT#MTR,451/000 - Dirección de Contratación de Bienes y Servicios - MTR
0,,,,,,,,,82-0036-LPU17,Con_Documentos_Contractuales_Autorizados_error,,,
0,451-1023-CON18,BRICONS S.A.I.C.F.I.,30541068151,Original,Cumplido,15/8/2018,166.459.80704,Peso Argentino,451-0004-LPU18,Adjudicado,METROBÚS CIUDAD DE NEUQUÉN,EX-2018-05390453-   -APN-DCTYAOPT#MTR,451/000 - Dirección de Contratación de Bienes y Servicios - MTR
1,501-0467-CON20,BRICONS S.A.I.C.F.I.,30541068151,Original,Perfeccionado,15/8/2018,166.459.80704,Peso Argentino,451-0004-LPU18,Adjudicado,METROBÚS CIUDAD DE NEUQUÉN,EX-2018-05390453-   -APN-DCTYAOPT#MTR,451/000 - Dirección de Contratación de Bienes y Servicios - MTR
0,,,,,,,,,46/18-0006-LPU18,Dejado Sin Efecto,BACHEO SUPERFICIAL CON MEZCLA ASFALTICA EN CALIENTE,EX-2018-14743687-   -APN-DCHA#DNV,46/18 - 18° Chaco - DNV
0,,,,,,,,,82-0003-LPU18,Dejado Sin Efecto,Construccion de Jardines de Infantes Zona - PATAGONIA SUR,EX-2018-12469460-   -APN-DC#ME,82/000 - Dirección General de Administración y Gestión Financiera - ME
0,,,,,,,,,82-0004-LPU18,Dejado Sin Efecto,CONSTRUCCION DE JARDINES DE INFANTES - ZONA CENTRO NORTE,EX-2018-12470301-   -APN-DC#ME,82/000 - Dirección General de Administración y Gestión Financiera - ME
0,,,,,,,,,82-0005-LPU18,Dejado Sin Efecto,Construcción de Jardines de Infantes ZONA: PATAGONIA NORTE,EX-2018-12491360-   -APN-DC#ME,82/000 - Dirección General de Administración y Gestión Financiera - ME
0,82-1033-CON19,iprar srl,33711803039,Original,Perfeccionado,22/4/2019,38.794.97869,Peso Argentino,82-0010-LPU18,Adjudicado,Construccion de Jardines de Infantes Zona Metropolitana,EX-2018-21683361-   -APN-DC#ME,82/000 - Dirección General de Administración y Gestión Financiera - ME
0,451-1598-CON18,CONSTRUMEX S.A.,30696394217,Original,Cumplido,23/10/2018,299.750.00058,Peso Argentino,451-0011-LPU18,Adjudicado,METROBUS QUILMES,EX-2018-26260538-   -APN-DCTYAOPT#MTR,451/000 - Dirección de Contratación de Bienes y Servicios - MTR
1,501-0472-CON20,CONSTRUMEX S.A.,30696394217,Original,Perfeccionado,23/10/2018,299.750.00058,Peso Argentino,451-0011-LPU18,Adjudicado,METROBUS QUILMES,EX-2018-26260538-   -APN-DCTYAOPT#MTR,451/000 - Dirección de Contratación de Bienes y Servicios - MTR
0,39-1000-CON19,CONAL S.A.,30711376905,Original,Perfeccionado,20/5/2019,38.693.66573,Peso Argentino,39-0016-LPU18,Adjudicado,CONSTRUCCIÓN DE UN EDIFICIO PARA EL POLO LOGÍSTICO POSADAS.,EX-2018-37212450-   -APN-DAFI#PNA,39 - Dirección General de Administración- PNA
0,74-1000-CON18,E.V.A. S.A.,30702250400,Original,Rescindido,12/12/2018,63.736.11656,Peso Argentino,74-0013-LPU18,Adjudicado,Mejoramiento y reparacion Camino Acceso Cerro Tronador - PN Nahuel Huapi,EX-2018-46713059-   -APN-DNIN#APNAC,74/00 - ADMINISTRACIÓN DE PARQUES NACIONALES - COORDINACIÓN DE CONTRATACIONES
1,74-1094-CON19,E.V.A. S.A.,30702250400,Modificacion_Obra,Perfeccionado,08/10/2019,76.451.48556,Peso Argentino,74-0013-LPU18,Adjudicado,Mejoramiento y reparacion Camino Acceso Cerro Tronador - PN Nahuel Huapi,EX-2018-46713059-   -APN-DNIN#APNAC,74/00 - ADMINISTRACIÓN DE PARQUES NACIONALES - COORDINACIÓN DE CONTRATACIONES
0,,,,,,,,,279-0004-LPU18,Desierto,Reparación parcial de la cubierta y reacondicionamiento del sector sanitario de UOSP San Fernando,EX-2018-46135266-   -APN-DCOMP#PSA,279/000 - Departamento de Compras - PSA
0,279-1002-CON18,iprar srl,33711803039,Original,Perfeccionado,28/12/2018,2.170.96826,Peso Argentino,279-0005-LPU18,Adjudicado,"Impermeabilización y reparación de la cubierta del Edificio UOESA, sito en Ezeiza Buenos Aires",EX-2018-46197851-   -APN-DCOMP#PSA,279/000 - Departamento de Compras - PSA
0,,,,,,,,,279-0006-LPU18,Disponible Para Adjudicar_error,,,
0,39-1001-CON19,D&MA S.A.,30709160091,Original,Perfeccionado,02/8/2019,13.386.98991,Peso Argentino,39-0030-LPU18,Adjudicado,"AMPLIACION Y REMODELACION DE BAÑOS Y VESTUARIOS CUADRA ALFA/BRAVO, EN LOS INSTITUTOS DE FORMACION",EX-2018-48217871-   -APN-DAFI#PNA,39 - Dirección General de Administración- PNA
0,39-1002-CON19,INDO S.A.,30710350678,Original,Perfeccionado,25/10/2019,9.565.67632,Peso Argentino,39-0031-LPU18,Adjudicado,CONSTRUCCIÓN DE UN (1) EDIFICIO PARA LA PREFECTURA ITATÍ,EX-2018-48991798-   -APN-DAFI#PNA,39 - Dirección General de Administración- PNA
0,279-1004-CON18,D&MA S.A.,30709160091,Original,Perfeccionado,03/1/2019,3.606.52836,Peso Argentino,279-0009-LPU18,Adjudicado,Construcción de cinco aulas para el ISSA sito en Ezeiza Buenos Aires,EX-2018-49911778-   -APN-DCOMP#PSA,279/000 - Departamento de Compras - PSA
0,279-1003-CON18,iprar srl,33711803039,Original,Perfeccionado,28/12/2018,2.693.80789,Peso Argentino,279-0010-LPU18,Adjudicado,Impermeabilización y reparación integral de las cubiertas del Edificio ex Base Aeronaval Ezeiza,EX-2018-49926230-   -APN-DCOMP#PSA,279/000 - Departamento de Compras - PSA
0,,,,,,,,,74-0014-LPU18,Desierto,CONSTRUCCIÓN DE INTENDENCIA PARA EL PARQUE INTERJURISDICCIONAL MARINO MAKENKE EN PUERTO SAN JULIAN,EX-2018-47237852-   -APN-DNIN#APNAC,74/00 - ADMINISTRACIÓN DE PARQUES NACIONALES - COORDINACIÓN DE CONTRATACIONES
0,501-0405-CON20,RIVA SAIICFA,30518917125,Original,Perfeccionado,06/3/2019,378.000.00000,Peso Argentino,81-0021-LPU18,Adjudicado,Construcción de oficinas del Estado Nacional 1° etapa,EX-2018-46684609-   -APN-DNPYDOP#MI,81/000 - Dirección General del Servicio Administrativo Financiero - Ministerio del Interior
1,81-1251-CON19,RIVA SAIICFA,30518917125,Original,Rescindido,20/3/2019,355.432.02838,Peso Argentino,81-0021-LPU18,Adjudicado,Construcción de oficinas del Estado Nacional 1° etapa,EX-2018-46684609-   -APN-DNPYDOP#MI,81/000 - Dirección General del Servicio Administrativo Financiero - Ministerio del Interior
2,81-1252-CON19,RIVA SAIICFA,30518917125,Original,Rescindido,06/3/2019,22.567.97162,Peso Argentino,81-0021-LPU18,Adjudicado,Construcción de oficinas del Estado Nacional 1° etapa,EX-2018-46684609-   -APN-DNPYDOP#MI,81/000 - Dirección General del Servicio Administrativo Financiero - Ministerio del Interior
3,81-1290-CON19,RIVA SAIICFA,30518917125,Original,Cumplido,06/3/2019,378.000.00000,Peso Argentino,81-0021-LPU18,Adjudicado,Construcción de oficinas del Estado Nacional 1° etapa,EX-2018-46684609-   -APN-DNPYDOP#MI,81/000 - Dirección General del Servicio Administrativo Financiero - Ministerio del Interior
0,279-1004-CON19,D&MA S.A.,30709160091,Original,Perfeccionado,29/3/2019,1.306.79394,Peso Argentino,279-0011-LPU18,Adjudicado,REACONDICIONAMIENTO DE OFICINAS PARA OBSERVACIONES JUDICIALES UBICADO EN EZEIZA BUENOS AIRES,EX-2018-52946999-   -APN-DCOMP#PSA,279/000 - Departamento de Compras - PSA
0,,,,,,,,,81-0025-LPU18,Fracasado,Puesta en Valor y Refuncionalización del Edificio de Correos de la ciudad de Santa Fe,EX-2018-51945030-   -APN-DNPYDOP#MI,81/000 - Dirección General del Servicio Administrativo Financiero - Ministerio del Interior
0,46/18-1338-CON19,ALTAMIRANO & PALACIOS S.A.,30714487309,Original,Perfeccionado,06/6/2019,5.780.03291,Peso Argentino,46/18-0044-LPU18,Adjudicado,PUESTA EN VALOR DE LAS INSTALACIONES DEL CAMPAMENTO ZONA ESTE-1º ETAPA- 18º DISTRITO CHACO,EX-2018-50744286-   -APN-DCHA#DNV,46/18 - 18° Chaco - DNV
0,,,,,,,,,81/9-0041-CDI18,Dejado Sin Efecto,Operación y Mantenimiento SINARAME,EX-2018-62006767-   -APN-DSIRH#MI,81/9 - Recursos Hídricos
0,14-1001-CON19,PROYECTO A S.R.L.,30710210418,Original,Perfeccionado,17/7/2019,10.048.14779,Peso Argentino,14-0019-LPU18,Adjudicado,"CONSTRUCCION DE OFICINAS Y LOCALES NIVEL + 8,00 TANDAR",EX-2018-53536133-   -APN-GAYF#CNEA,14 - Compras y Contrataciones - CNEA
0,451-1607-CON19,CONSTRUCCIONES INGEVIAL S.A.,30650833380,Original,Cumplido,28/3/2019,242.534.11458,Peso Argentino,451-0016-LPU18,Adjudicado,METROBUS RUTA 8 - 2DA ETAPA,EX-2018-68091875-   -APN-DCTYAOPT#MTR,451/000 - Dirección de Contratación de Bienes y Servicios - MTR
1,501-0473-CON20,CONSTRUCCIONES INGEVIAL S.A.,30650833380,Original,Perfeccionado,28/3/2019,242.534.11458,Peso Argentino,451-0016-LPU18,Adjudicado,METROBUS RUTA 8 - 2DA ETAPA,EX-2018-68091875-   -APN-DCTYAOPT#MTR,451/000 - Dirección de Contratación de Bienes y Servicios - MTR
0,,,,,,,,,14-0030-LPR18,Dejado Sin Efecto,MONTAJE DE TECGO METALICO,EX-2018-48948385-   -APN-GAYF#CNEA,14 - Compras y Contrataciones - CNEA
0,451-1613-CON19,CONSTRUMEX S.A.,30696394217,Original,Cumplido,11/4/2019,234.825.70343,Peso Argentino,451-0001-LPU19,Adjudicado,METROBUS FLORENCIO VARELA,EX-2019-03047375-   -APN-DCTYAOPT#MTR,451/000 - Dirección de Contratación de Bienes y Servicios - MTR
1,501-0474-CON20,CONSTRUMEX S.A.,30696394217,Original,Perfeccionado,11/4/2019,234.825.70343,Peso Argentino,451-0001-LPU19,Adjudicado,METROBUS FLORENCIO VARELA,EX-2019-03047375-   -APN-DCTYAOPT#MTR,451/000 - Dirección de Contratación de Bienes y Servicios - MTR
0,451-1659-CON19,CONSTRUMEX S.A.,30696394217,Original,Cumplido,25/6/2019,826.308.21136,Peso Argentino,451-0005-LPU19,Adjudicado,"Rehabilitación y mantenimiento vial, de aceras,red pluvial y refugios en la RMBA",EX-2019-12266895-   -APN-DCTYAOPT#MTR,451/000 - Dirección de Contratación de Bienes y Servicios - MTR
1,501-0511-CON20,CONSTRUMEX S.A.,30696394217,Original,Perfeccionado,25/6/2019,826.308.21136,Peso Argentino,451-0005-LPU19,Adjudicado,"Rehabilitación y mantenimiento vial, de aceras,red pluvial y refugios en la RMBA",EX-2019-12266895-   -APN-DCTYAOPT#MTR,451/000 - Dirección de Contratación de Bienes y Servicios - MTR
2,451-1658-CON19,MARCALBA S.A.,30608674833,Original,Cumplido,25/6/2019,737.730.57646,Peso Argentino,451-0005-LPU19,Adjudicado,"Rehabilitación y mantenimiento vial, de aceras,red pluvial y refugios en la RMBA",EX-2019-12266895-   -APN-DCTYAOPT#MTR,451/000 - Dirección de Contratación de Bienes y Servicios - MTR
3,501-0510-CON20,MARCALBA S.A.,30608674833,Original,Perfeccionado,25/6/2019,737.730.57646,Peso Argentino,451-0005-LPU19,Adjudicado,"Rehabilitación y mantenimiento vial, de aceras,red pluvial y refugios en la RMBA",EX-2019-12266895-   -APN-DCTYAOPT#MTR,451/000 - Dirección de Contratación de Bienes y Servicios - MTR
4,451-1657-CON19,POSE SA,30709107123,Original,Cumplido,26/6/2019,715.081.06263,Peso Argentino,451-0005-LPU19,Adjudicado,"Rehabilitación y mantenimiento vial, de aceras,red pluvial y refugios en la RMBA",EX-2019-12266895-   -APN-DCTYAOPT#MTR,451/000 - Dirección de Contratación de Bienes y Servicios - MTR
5,501-0509-CON20,POSE SA,30709107123,Original,Perfeccionado,26/6/2019,715.081.06263,Peso Argentino,451-0005-LPU19,Adjudicado,"Rehabilitación y mantenimiento vial, de aceras,red pluvial y refugios en la RMBA",EX-2019-12266895-   -APN-DCTYAOPT#MTR,451/000 - Dirección de Contratación de Bienes y Servicios - MTR
6,451-1661-CON19,Teximco S.A. - Tecnovias S.R.L. UTE,30716483971,Original,Cumplido,28/6/2019,777.028.96704,Peso Argentino,451-0005-LPU19,Adjudicado,"Rehabilitación y mantenimiento vial, de aceras,red pluvial y refugios en la RMBA",EX-2019-12266895-   -APN-DCTYAOPT#MTR,451/000 - Dirección de Contratación de Bienes y Servicios - MTR
7,501-0513-CON20,Teximco S.A. - Tecnovias S.R.L. UTE,30716483971,Original,Perfeccionado,28/6/2019,777.028.96704,Peso Argentino,451-0005-LPU19,Adjudicado,"Rehabilitación y mantenimiento vial, de aceras,red pluvial y refugios en la RMBA",EX-2019-12266895-   -APN-DCTYAOPT#MTR,451/000 - Dirección de Contratación de Bienes y Servicios - MTR
8,451-1660-CON19,VIAL TEC S.A. - RICAVIAL S.A. UTE,33716488859,Original,Cumplido,28/6/2019,809.998.60309,Peso Argentino,451-0005-LPU19,Adjudicado,"Rehabilitación y mantenimiento vial, de aceras,red pluvial y refugios en la RMBA",EX-2019-12266895-   -APN-DCTYAOPT#MTR,451/000 - Dirección de Contratación de Bienes y Servicios - MTR
9,501-0512-CON20,VIAL TEC S.A. - RICAVIAL S.A. UTE,33716488859,Original,Perfeccionado,28/6/2019,809.998.60309,Peso Argentino,451-0005-LPU19,Adjudicado,"Rehabilitación y mantenimiento vial, de aceras,red pluvial y refugios en la RMBA",EX-2019-12266895-   -APN-DCTYAOPT#MTR,451/000 - Dirección de Contratación de Bienes y Servicios - MTR
0,,,,,,,,,81-0024-LPU18,Disponible Para Adjudicar_error,,,
0,,,,,,,,,46/12-0005-LPU19,Dejado Sin Efecto,OBRA DE CONSERVACIÓN MEJORATIVA:EJECUCIÓN DE BACHEO Y MICROAGLOMERADO EN FRÍO RN Nº 237 NEUQUEN,EX-2019-07428666-   -APN-DNQ#DNV,46/12 - 12° Neuquen - DNV
0,,,,,,,,,451-0009-LPU19,Dejado Sin Efecto,Concesión de la Estación Terminal de Ómnibus de Retiro de la C.A.B.A. (E.T.O.R.),EX-2019-46301430-   -APN-DCTYAOPT#MTR,451/000 - Dirección de Contratación de Bienes y Servicios - MTR
0,,,,,,,,,81-0020-LPU19,Disponible Para Adjudicar_error,,,
0,82-1442-CON19,ARROYO MANNORI CONSTRUCCIONES Y ASOCIADOS S.R.L.,30708865903,Original,Anulado,,23.378.57305,Peso Argentino,82-0016-LPU19,Con Documento Contractual,CONSTRUCCION DE JARDIN DE INFANTES - PEHUAJO - PCIA DE BUENOS AIRES,EX-2019-22180167-   -APN-DCME#MECCYT,82/000 - Dirección General de Administración y Gestión Financiera - ME
1,82-1925-CON20,ARROYO MANNORI CONSTRUCCIONES Y ASOCIADOS S.R.L.,30708865903,Original,Pendiente Autorización,,23.378.57305,Peso Argentino,82-0016-LPU19,Con Documento Contractual,CONSTRUCCION DE JARDIN DE INFANTES - PEHUAJO - PCIA DE BUENOS AIRES,EX-2019-22180167-   -APN-DCME#MECCYT,82/000 - Dirección General de Administración y Gestión Financiera - ME
0,,,,,,,,,81-0004-LPU19,En Evaluacion_error,,,
0,,,,,,,,,74-0010-LPU19,Disponible Para Adjudicar_error,,,
0,,,,,,,,,81-0019-LPU19,Desierto,TEATRO CERVANTES-REHABILITACIÓN ASCENSORES,EX-2019-22105580-   -APN-DNPYDOP#MI,81/000 - Dirección General del Servicio Administrativo Financiero - Ministerio del Interior
0,,,,,,,,,46/13-0016-LPU19,Dejado Sin Efecto,OBRA DE CONSERVACIÓN MEJORATIVA RUTA NACIONAL N° 40 PCIA. DE CHUBUT,EX-2019-14303881-   -APN-DCHU#DNV,46/13 - 13° Chubut - DNV
0,,,,,,,,,74-0013-LPU19,Fracasado,Refacción y refuncionalización Centro de Visitantes Parque Nacional El Palmar,EX-2019-56700875-   -APN-DNIN#APNAC,74/00 - ADMINISTRACIÓN DE PARQUES NACIONALES - COORDINACIÓN DE CONTRATACIONES
0,46-1278-CON20,DYCASA Sociedad Anónima,33516294189,Original,Perfeccionado,18/9/2020,1.135.079.74913,Peso Argentino,46-0004-LPU19,Adjudicado,PROYECTO: RUTA NACIONAL N° 12. ACCESO PARANÁ – SAN BENITO POR AUTOPISTA. OBRA: VINCULACIÓN RUTA NACIONAL N° 12 CON AV. CIRCUNVALACIÓN DE PARANÁ. RUTA NACIONAL N° 12. TRAMO: PUENTE S/ A° SAUCESITO – AV. ALMAFUERTE. PROVINCIA DE ENTRE RÍOS.,EX-2019-05416213-   -APN-LYC#DNV,46/000 - Coordinación de Licitaciones y Contrataciones - DNV
0,,,,,,,,,46-0028-LPU19,Fracasado,"OBRA: “DEMOLICIÓN Y RECONSTRUCCIÓN DE ALCANTARILLA SOBRE A° SAN JOSÉ"" - R. N. N° 14 - MISIONES",EX-2019-19724972-   -APN-LYC#DNV,46/000 - Coordinación de Licitaciones y Contrataciones - DNV
0,,,,,,,,,46-0032-LPU19,En Apertura_error,,,
0,,,,,,,,,46-0033-LPU19,Fracasado,OBRA DE CONSERVACIÓN MEJORATIVA Y DE MANTENIMIENTO SISTEMA MODULAR - PUENTE POSADAS (ARG.) – ENCARNA,EX-2019-20153480-   -APN-LYC#DNV,46/000 - Coordinación de Licitaciones y Contrataciones - DNV
0,,,,,,,,,88-0001-LPR19,Dejado Sin Efecto,"Depósito Residuos Especiales, Morgue y Lavadero",EX-2019-64554322-   -APN-INAREPS#MSYDS,88/00 - Compras - Instituto Nacional de Rehabilitación Psicofísica del Sur
0,,,,,,,,,14-0013-LPR19,Desierto,MONTAJE DE TECHO METALICO,EX-2018-48948385-   -APN-GAYF#CNEA,14 - Compras y Contrataciones - CNEA
0,34-1269-CON20,VILLAREX SA,30712097996,Original,Perfeccionado,07/10/2020,32.655.52869,Peso Argentino,34-0006-LPU19,Adjudicado,Adecuación del edificio de la calle Alsina 470 CABA para reubicar el Tribunal Fiscal de la Nación,EX-2019-55922007-   -APN-DCPYS#MHA,34/000 - Dirección General de Administración - MHA
0,74-1050-CON20,CONSTRUCTORA VENETTO S.A.,30709662674,Original,Perfeccionado,11/9/2020,23.598.04664,Peso Argentino,74-0020-LPU19,Adjudicado,Construcción de Galpón - Taller en el Parque Nacional Lihue Calel,EX-2019-70611561-   -APN-DNIN#APNAC,74/00 - ADMINISTRACIÓN DE PARQUES NACIONALES - COORDINACIÓN DE CONTRATACIONES
0,46/1-1013-CON20,Coince Bahía S.A,30614969659,Original,Perfeccionado,18/5/2020,37.772.26008,Peso Argentino,46/1-0069-LPU19,Adjudicado,"ALTEO Y RECONST. DE LA CALZADA RNNº 3-TRAMO CNEL. DORREGO-EMP. RNNº 249 KM 607,56-KM 608,63",EX-2019-64321679-   -APN-DBB#DNV,46/01 - 19° Bahía Blanca - DNV
0,81/9-1706-CON19,INVAP S.E.,30585581247,Original,Perfeccionado,22/11/2019,478.362.85973,Peso Argentino,81/9-0020-CDI19,Adjudicado,OPERACIÓN Y MANTENIMIENTO DEL SISTEMA NACIONAL DE RADARES METEOROLOGICOS - SINARAME,EX-2019-74751477-   -APN-DSIRH#MI,81/9 - Recursos Hídricos
0,46/17-1264-CON20,CONSTRUCTORA DOS ARROYOS S.A.,30504635895,Original,Perfeccionado,02/7/2020,39.258.07220,Peso Argentino,46/17-0036-LPU19,Adjudicado,RN 12 -BACHEO CON MEZCLA BITUMINOSA TIPO CONCRETO ASFÁLTICO EN CALIENTE.,EX-2019-21307723-   -APN-DER#DNV,46/17 - 17° Entre Rios - DNV
1,46/17-1637-CON19,CONSTRUCTORA DOS ARROYOS S.A.,30504635895,Original,Anulado,,39.258.07220,Peso Argentino,46/17-0036-LPU19,Adjudicado,RN 12 -BACHEO CON MEZCLA BITUMINOSA TIPO CONCRETO ASFÁLTICO EN CALIENTE.,EX-2019-21307723-   -APN-DER#DNV,46/17 - 17° Entre Rios - DNV
0,46/12-1301-CON20,PROBIAR PRODUCTOS BITUMINOSOS DE ARGENTINA S.A.,30626695821,Original,Perfeccionado,06/10/2020,40.962.33211,Peso Argentino,46/12-0074-LPU19,Adjudicado,"Obra de conservación mejorativa ""Ejecución de bacheo y microaglomerado asfáltico en frío RN Nº 237""""",EX-2019-68380164-   -APN-DNQ#DNV,46/12 - 12° Neuquen - DNV
0,,,,,,,,,46/14-0085-LPU19,Pendiente Análisis_error,,,
0,,,,,,,,,46/8-0052-LPU19,En Apertura_error,,,
0,46/8-1007-CON20,Paolini Hnos S.A,30505098095,Original,Anulado,,31.511.20202,Peso Argentino,46/8-0072-LPU19,Adjudicado,R.N. N° 79; TRAMO: OLTA – CHAMICAL EMP. RN38; BACHEO SUPERFICIAL,EX-2019-67244672-   -APN-DLR#DNV,46/08 - 8° La Rioja - DNV
1,46/8-1286-CON20,Paolini Hnos S.A,30505098095,Original,Perfeccionado,30/9/2020,31.511.20202,Peso Argentino,46/8-0072-LPU19,Adjudicado,R.N. N° 79; TRAMO: OLTA – CHAMICAL EMP. RN38; BACHEO SUPERFICIAL,EX-2019-67244672-   -APN-DLR#DNV,46/08 - 8° La Rioja - DNV
2,46/8-1622-CON19,Paolini Hnos S.A,30505098095,Original,Anulado,,31.511.20202,Peso Argentino,46/8-0072-LPU19,Adjudicado,R.N. N° 79; TRAMO: OLTA – CHAMICAL EMP. RN38; BACHEO SUPERFICIAL,EX-2019-67244672-   -APN-DLR#DNV,46/08 - 8° La Rioja - DNV
0,46/8-1277-CON20,Paolini Hnos S.A,30505098095,Original,Perfeccionado,07/10/2020,30.333.15218,Peso Argentino,46/8-0086-LPU19,Adjudicado,R.N. Nº 141; TRAMO: CHEPES - LTE. LA RIOJA/SAN JUAN; BACHEO SUPERFICIAL,EX-2019-75395939-   -APN-DLR#DNV,46/08 - 8° La Rioja - DNV
1,46/8-1625-CON19,Paolini Hnos S.A,30505098095,Original,Anulado,,30.333.15218,Peso Argentino,46/8-0086-LPU19,Adjudicado,R.N. Nº 141; TRAMO: CHEPES - LTE. LA RIOJA/SAN JUAN; BACHEO SUPERFICIAL,EX-2019-75395939-   -APN-DLR#DNV,46/08 - 8° La Rioja - DNV
0,46/8-1156-CON20,Paolini Hnos S.A,30505098095,Original,Anulado,,32.205.81289,Peso Argentino,46/8-0095-LPU19,Adjudicado,R.N. Nº 79; TRAMO: EMP. R.N. 38 – LTE. LA RIOJA/CATAMARCA; BACHEO SUPERFICIAL,EX-2019-78331513-   -APN-DLR#DNV,46/08 - 8° La Rioja - DNV
1,46/8-1287-CON20,Paolini Hnos S.A,30505098095,Original,Perfeccionado,30/9/2020,32.205.81289,Peso Argentino,46/8-0095-LPU19,Adjudicado,R.N. Nº 79; TRAMO: EMP. R.N. 38 – LTE. LA RIOJA/CATAMARCA; BACHEO SUPERFICIAL,EX-2019-78331513-   -APN-DLR#DNV,46/08 - 8° La Rioja - DNV
0,,,,,,,,,46/14-0088-LPU19,Pendiente Análisis_error,,,
0,,,,,,,,,46-0060-LPU19,En Apertura_error,,,
0,,,,,,,,,14-0033-LPR19,Dejado Sin Efecto,CONSTRUCCIÓN DE MURO LINDERO GAS NATURGY,EX-2019-64782497-   -APN-GAYF#CNEA,14 - Compras y Contrataciones - CNEA
0,,,,,,,,,14-0035-LPR19,Disponible Para Adjudicar_error,,,
0,,,,,,,,,81-0030-LPU19,En Apertura_error,,,
0,,,,,,,,,74-0016-LPU19,Dejado Sin Efecto,Reparación de la Infraestructura en General Parque Nacional Ciervo de los Pantanos,EX-2019-62351283-   -APN-DNIN#APNAC,74/00 - ADMINISTRACIÓN DE PARQUES NACIONALES - COORDINACIÓN DE CONTRATACIONES
0,,,,,,,,,90-0001-LPU19,Dejado Sin Efecto,Ampliación de la planta de tratamiento de afluentes cloacales de la loicalidad de Saladillo - Bs.As.,EX-2019-102482846-   -APN-GAF#ENOHSA,90 - Departamento de Compras y Licitaciones-ENOHSA
0,,,,,,,,,81-0036-LPU19,En Apertura_error,,,
